MajorID,UniversityID,MajorName,MajorSite,address,ContactInfoTel,Email,AdmissionRequirementsLink,ApplicationDeadline,Tuition,ApplicationFee,MasterCredits,DoctorCredits,GPA,GRE,TOEFL,IELTS,PTEAcademic
1,1,Computer Science,https://scai.engineering.asu.edu/,"699 S. Mill Avenue Tempe, AZ 85281",480-965-3199,scai.grad.admission@asu.edu,https://scai.engineering.asu.edu/graduate-admissions/,https://scai.engineering.asu.edu/graduate-admissions/,25398,115,30,84,3,Required,90,7,65
2,1,Computer Engineering,https://ecee.engineering.asu.edu/,"650 E. Tyler Mall Tempe, AZ 85287-5706",480-965-3424,askee@asu.edu,https://ecee.engineering.asu.edu/degrees/graduate/,https://ecee.engineering.asu.edu/degrees/graduate/,25398,115,30,84,3,Required,80,6.5,60
3,2,Computer Science,https://www.cs.arizona.edu/,"1040 E. 4th Street Tucson, AZ 85721",520-621-4632,dei@cs.arizona.edu,https://cs.arizona.edu/graduate/prospective-students/admission-requirements,https://cs.arizona.edu/graduate/prospective-students/application-deadlines,33957,90,30,64,3.2,Required,79,7,60
4,2,Computer Engineering,https://ece.engineering.arizona.edu/,"1230 E. Speedway Blvd. Tucson, AZ 85721-0104",520-621-6193,gradadmissions@ece.arizona.edu,https://ece.engineering.arizona.edu/grad-programs/admissions,https://ece.engineering.arizona.edu/grad-programs/admissions,33957,90,30,66,NULL,Not Required,79,7,60
5,3,Computer Science,https://www.cs.stanford.edu/,"353 Jane Stanford Way Stanford, CA 94305",650-723-2300,admissions@cs.stanford.edu,https://www.cs.stanford.edu/admissions,https://www.cs.stanford.edu/admissions-graduate-application-deadlines,55011,125,45,135,NULL,Not Required,100,NULL,NULL
6,4,Computer Science,https://eecs.berkeley.edu/,"387 Soda Hall Berkeley, CA 94720-1776",510-642-1042,gradadmissions@eecs.berkeley.edu,https://eecs.berkeley.edu/academics/graduate/research-programs/admissions,https://eecs.berkeley.edu/academics/graduate/research-programs/admissions,29578,155,24,24,3,Not Required,90,7,NULL
7,5,Computer Science,https://cse.ucsd.edu/,"9500 Gilman Drive La Jolla, CA 92093-0404",858-534-8872,csegradinfo-ms@ucsd.edu,https://cse.ucsd.edu/graduate/admissions,https://cse.ucsd.edu/graduate/admissions,29005,155,12,37,3,Not Required,85,7,NULL
8,6,Computer Science,https://www.cms.caltech.edu/,"1200 E. California Blvd. Pasadena, California 91125-2100",626-395-3034,mlopez@cms.caltech.edu,https://catalog.caltech.edu/current/information-for-graduate-students/special-regulations-for-graduate-options/computer-science-cs/,https://www.gradoffice.caltech.edu/documents/26875/Application_Deadlines_2023-24.pdf,63063,100,x,135,NULL,Not Required,NULL,NULL,NULL
9,7,Computer Science,https://www.cs.ucla.edu/,"291 Engineering VI Los Angeles, CA 90095-1596",310-825-6830,helen@cs.ucla.edu,https://www.cs.ucla.edu/graduate-admissions/,https://www.cs.ucla.edu/graduate-requirements/,28424,155,NULL,NULL,3,Not Required,87,7,NULL
10,7,Computer Engineering,https://www.ee.ucla.edu/,"420 Westwood Plaza Los Angeles, CA 90095-1594",310-825-2647,ecechair@seas.ucla.edu,https://www.ee.ucla.edu/graduate-application-requirements/,https://www.ee.ucla.edu/graduate-application-requirements/#update,28424,155,NULL,NULL,3,Not Required,87,7,NULL
11,8,Computer Science,https://www.cs.ucsb.edu/,"2104 Harold Frank Hall Santa Barbara, CA 93106-5110",805-893-4321,gradhelp@cs.ucsb.edu,https://www.cs.ucsb.edu/education/graduate/how-to-apply,https://www.cs.ucsb.edu/education/graduate/how-to-apply,28683,155,42,NULL,3,Not Required,80,7,NULL
12,8,Computer Engineering,https://www.ce.ucsb.edu/,"4155 Harold Frank Hall Santa Barbara, CA 93106-9560",805-893-5364,grad-admit@ece.ucsb.edu,https://www.ece.ucsb.edu/grad,https://www.ece.ucsb.edu/grad/apply,28683,155,NULL,NULL,NULL,Not Required,80,7,NULL
13,9,Computer Science,https://www.cs.usc.edu/,"941 Bloom Walk Los Angeles, CA 90089",213-740-4488,csdept@usc.edu,https://viterbigradadmission.usc.edu/programs/masters/apply/ready-to-apply/,https://viterbigradadmission.usc.edu/programs/masters/msprograms/computer-science/ms-computer-science/,64666,90,28,60,NULL,Not Required,90,6.5,61
14,10,Computer Science,https://www.cs.uci.edu/,"3019 Donald Bren Hall Irvine, CA 92697-3435",949-824-3289,gcounsel@ics.uci.edu,https://grad.uci.edu/admissions/applying-to-uci/,https://ics.uci.edu/admissions-information-and-computer-science/graduate-admissions/,28747,155,47,47,3,Not Required,80,7,NULL
15,10,Computer Engineering,https://engineering.uci.edu/dept/eecs,"5200 Engineering Hall Irvine, CA 92697-2700",949-824-8090,gradengr@uci.edu,https://engineering.uci.edu/dept/eecs/admissions/general-application-information,https://engineering.uci.edu/dept/eecs/admissions/deadlines,28747,155,NULL,NULL,3,Not Required,80,7,NULL
16,11,Computer Science,https://cs.ucdavis.edu/,"2063 Kemper Hall Davis, CA 95616-5270",530-752-7004,csgradadvising@ucdavis.edu,https://cs.ucdavis.edu/graduate/prospective-students/admission-requirements,https://grad.ucdavis.edu/program-application-deadlines,29008,140,NULL,NULL,3,Not Required,80,7,NULL
17,11,Computer Engineering,https://ece.ucdavis.edu/,"2064 Kemper Hall Davis, CA 95616-5270",530-752-1726,ecegradinfo@ucdavis.edu,https://ece.ucdavis.edu/graduate/application-requirements,https://grad.ucdavis.edu/program-application-deadlines,29008,140,NULL,NULL,3,Not Required,80,7,NULL
18,12,Computer Science,https://engineering.ucsc.edu/departments/computer-science-and-engineering/,"1156 High Street Santa Cruz, CA 95064",831-459-4877,bsoe-ga@rt.ucsc.edu,https://grad.soe.ucsc.edu/cse/admissions,https://www.gradadmissions.ucsc.edu/deadlines,29315,140,48,NULL,3,Not Required,89,7,NULL
19,13,Computer Science,https://www1.cs.ucr.edu/,"351 Winston Chung Hall Riverside, CA 92521",951-827-4302,graddiv@ucr.edu,https://www1.cs.ucr.edu/graduate/admissions/international,https://www1.cs.ucr.edu/graduate/admissions/international,28851,155,48,44,3.5,Required,80,7,NULL
20,14,Computer Science,https://nps.edu/web/cs,"1411 Cunningham Rd Monterey, CA, 93943",831-656-7980,ProgramOfficer_CS@nps.edu,https://nps.edu/web/admissions/apply,https://nps.edu/web/admissions/apply,NULL,NULL,NULL,NULL,2.2,Required,NULL,NULL,NULL
21,14,Computer Engineering,https://nps.edu/web/ece,"833 Dyer Road Monterey, CA 93943-5216",831-656-2081,admissions@nps.edu,https://nps.edu/web/admissions/apply,https://nps.edu/web/admissions/apply,NULL,NULL,NULL,NULL,2.2,Required,NULL,NULL,NULL
22,15,Computer Science,https://engineering.ucmerced.edu/academics/CSE/computer-science-engineering,"5200 N. Lake Road Merced, CA 95343",209-228-0137,soe-grstaff@ucmerced.edu,https://engineeringgrads.ucmerced.edu/prospective-students/admission-process,https://graduatedivision.ucmerced.edu/prospective-students/application-dates,28591,150,NULL,NULL,3,Required,80,6.5,NULL
23,16,Computer Science,https://www.chapman.edu/engineering/index.aspx,"1 University Drive Orange, CA 92866",714-450-7465,fsegradadvising@chapman.edu,https://www.chapman.edu/engineering/academic-programs/graduate-programs/index.aspx,https://www.chapman.edu/admission/graduate/apply/deadlines.aspx,37603,60,30,x,NULL,Required,94,7,76
24,17,Computer Science,https://www.cgu.edu/school/center-for-information-systems-and-technology/,"150 E. 10th Street Claremont, CA 91711",909-607-7910,marclem.hernandez2@cgu.edu,https://www.cgu.edu/academics/program/phd-information-systems-and-technology/application-guidelines/,https://www.cgu.edu/admissions/international-applicants/,36380,80,36,NULL,NULL,Not Required,95,7,66
25,18,Computer Science,https://www.colorado.edu/cs/,"1111 Engineering Drive Boulder, CO 80309-0430",303-492-7514,rajshree.shrestha@colorado.edu,https://www.colorado.edu/cs/admissions/graduate-admissions/admissions-requirements,https://www.colorado.edu/cs/admissions/graduate-admissions/how-apply,36570,80,30,60,3,Not Required,83,7,NULL
26,18,Computer Engineering,https://www.colorado.edu/ecee/,"1420 Regent Dr. Boulder, CO 80309",303-492-7327,ecegrad@colorado.edu,https://www.colorado.edu/ecee/admissions/graduate-admissions,https://www.colorado.edu/ecee/admissions/graduate-admissions,36570,80,30,60,3,Not Required,100,7,NULL
27,19,Computer Science,https://cs.mines.edu/,"1650 Arapahoe Street Golden, CO 80401",303-384-2287,cs@mines.edu,https://cs.mines.edu/applicationadmission/,https://www.mines.edu/graduate-admissions/deadlines/,41580,95,30,72,NULL,Not Required,79,6.5,NULL
28,20,Computer Science,https://compsci.colostate.edu/,"1873 Campus Delivery Fort Collins, CO 80523-1873",970-491-5792,compsci_info@colostate.edu,https://compsci.colostate.edu/graduate-application/,https://compsci.colostate.edu/graduate-application/,29220,70,NULL,NULL,NULL,Required,92,6.5,59
29,20,Computer Engineering,https://www.engr.colostate.edu/ece/,"1373 Campus Delivery Fort Collins, CO 80523-1373",970-491-6600,ece@engr.colostate.edu,https://www.engr.colostate.edu/ece/graduates/admissions/,https://www.engr.colostate.edu/ece/graduates/admissions/,29220,70,30,72,3,Not Required,80,6.5,58
30,21,Computer Science,https://eas.uccs.edu/cs,"1420 Austin Bluffs Pkwy Colorado Springs, CO 80918",719-255-3325,CSinfo@uccs.edu,https://eas.uccs.edu/cs/academics/graduate-programs/master-of-science-in-computer-science,https://eas.uccs.edu/cs/academics/graduate-programs,28330,100,30,60,3,Required,80,6.5,NULL
31,21,Computer Engineering,https://eas.uccs.edu/ece,"1420 Austin Bluffs Pkwy Colorado Springs, CO 80918",719-255-3088,gradinfo@uccs.edu,https://eas.uccs.edu/ece/graduate-programs,https://eas.uccs.edu/ece/graduate-programs,28330,100,30,NULL,3,Required,80,6.5,NULL
32,22,Computer Science,https://engineering.ucdenver.edu/departments/computer-science-and-engineering,"1380 Lawrence Street, 8th floor Denver, CO 80204",303-315-1408,Computerscience@ucdenver.edu,https://engineering.ucdenver.edu/graduate-programs/graduate-admissions,https://engineering.ucdenver.edu/graduate-programs/graduate-admissions#ac-computer-science-2,24820,75,30,60,NULL,Not Required,79,6.5,58
33,23,Computer Science,https://ritchieschool.du.edu/,"2155 E. Wesley Ave. Denver, CO 80210",303-871-6964,Kevin.Alt@du.edu,https://www.du.edu/academics/admission-steps/computer-science-ms-2024-2025,https://www.du.edu/academics/admission-steps/computer-science-ms-2024-2025,55563,65,NULL,NULL,2.5,Not Required,80,6.5,NULL
34,24,Computer Science,https://www.ics.hawaii.edu/,"1680 East-West Road Honolulu, HI 96822 USA",808-956-5428,ics-gradchair@lists.hawaii.edu,https://manoa.hawaii.edu/graduate/computer-science/,https://manoa.hawaii.edu/graduate/computer-science/,34550,100,31,NULL,3,Required,61,6,NULL
35,24,Computer Engineering,https://www.ee.hawaii.edu/,"2540 Dole Street, Holmes Hall 483 Honolulu, HI 96822 USA",808-956-7586,eeoffice@hawaii.edu,https://ee.hawaii.edu/student/graduate/how-to-apply,https://ee.hawaii.edu/student/graduate/how-to-apply,34550,100,30,40,3,Required,61,6,NULL
36,25,Computer Science,https://www.boisestate.edu/coen-cs/,"777 W. Main Street Boise, ID 83702",208-426-5766,computerscience@boisestate.edu,https://www.boisestate.edu/graduatecatalog/#/programs/Sy-tM15ZRL?bc=true&bcCurrent=Master%20of%20Science%20in%20Computer%20Science&bcGroup=Computer%20Science&bcItemType=programs,https://www.boisestate.edu/graduatecatalog/#/programs/Sy-tM15ZRL?bc=true&bcCurrent=Master%20of%20Science%20in%20Computer%20Science&bcGroup=Computer%20Science&bcItemType=programs,27405,95,30,32,3,Not Required,80,6.5,NULL
37,25,Computer Engineering,https://www.boisestate.edu/coen-ece/,"1375 University Drive Boise, ID 83702",208-426-5788,ece@boisestate.edu,https://www.boisestate.edu/graduatecatalog/#/programs/Sk6GJ9-CU?expanded=Computer%20Science&bc=true&bcCurrent=Master%20of%20Science%20in%20Electrical%20and%20Computer%20Engineering&bcGroup=Electrical%20and%20Computer%20Engineering&bcItemType=programs,https://www.boisestate.edu/graduatecatalog/#/programs/Sk6GJ9-CU?expanded=Computer%20Science&bc=true&bcCurrent=Master%20of%20Science%20in%20Electrical%20and%20Computer%20Engineering&bcGroup=Electrical%20and%20Computer%20Engineering&bcItemType=programs,27405,95,30,66,3,Not Required,80,6.5,NULL
38,26,Computer Science,https://www.uidaho.edu/engr/departments/cs,"875 Perimeter Drive MS 1010 Moscow, ID 83844-1010",208-885-6592,csinfo@uidaho.edu,https://www.uidaho.edu/admissions/graduate/graduate-programs/computer-science,https://www.uidaho.edu/admissions/graduate/deadlines,29204,50,30,NULL,3,Not Required,79,6.5,NULL
39,26,Computer Engineering,https://www.uidaho.edu/engr/departments/ece,"875 Perimeter Drive MS 1023 Moscow, ID 83844-1023",208-885-6554,ece-info@uidaho.edu,https://www.uidaho.edu/admissions/graduate/graduate-programs/computer-engineering,https://www.uidaho.edu/admissions/graduate/deadlines,29204,50,NULL,NULL,3,Not Required,79,6.5,NULL
40,27,Computer Science,https://www.cs.montana.edu/,"357 Barnard Hall Bozeman, MT 59717-3880",406-994-4780,soc-info@montana.edu,https://www.cs.montana.edu/future_students.html,https://www.montana.edu/gradschool/datesdeadlines.html,23444,70,30,60,3,Not Required,80,6.5,54
41,27,Computer Engineering,https://ece.montana.edu/,"610 Cobleigh Hall Bozeman, MT 59717-3780",406-994-2505,ecedept@ece.montana.edu,https://ece.montana.edu/grad/index.html,https://www.montana.edu/gradschool/datesdeadlines.html,23444,70,30,60,3,Not Required,90,7,NULL
42,28,Computer Science,https://www.unr.edu/cse,"1664 N. Virginia Street Reno, NV 89557",775-784-6974,admin@unr.edu,https://www.unr.edu/cse/graduate-program,https://www.unr.edu/cse/graduate-program,22986,95,31,72,3,Not Required,79,6.5,59
43,29,Computer Science,https://www.unlv.edu/cs,"4505 S. Maryland Pkwy. Las Vegas, NV 89154",702-895-3681,gradcollege@unlv.edu,https://www.unlv.edu/cs/admissions,https://www.unlv.edu/cs/admissions,23302,95,30,72,2.75,Required,80,6.5,65
44,29,Computer Engineering,https://www.unlv.edu/ece,"4505 S. Maryland Pkwy. Las Vegas, NV 89154",702-895-4183,gradcollege@unlv.edu,https://www.unlv.edu/sites/default/files/media/document/2022-08/ElectricalEngineering-Handbook-2022-23.pdf,https://www.unlv.edu/graduatecollege/application-deadlines,23302,95,30,69,2.75,Required,80,6.5,65
45,30,Computer Science,https://www.cs.unm.edu/,"1901 Redondo Albuquerque, NM 87131",505-277-3112,csinfo@cs.unm.edu,https://www.cs.unm.edu/admissions/graduate-admissions.html,https://www.cs.unm.edu/admissions/graduate-admissions.html,21518,70,32,NULL,3,Required,79,6.5,NULL
46,30,Computer Engineering,http://www.ece.unm.edu/,"211 Terrace Street NE Albuquerque, NM 87131-0001",505-277-2436,grad@unm.edu,http://www.ece.unm.edu/graduate/application-requirements.html,http://www.ece.unm.edu/graduate/application-requirements.html,21518,70,31,48,3,Not Required,79,6.5,NULL
47,31,Computer Science,https://computerscience.nmsu.edu/,"1290 Frenger Mall, SH 123 Las Cruces, NM 88003",575-646-3723,computerscience@nmsu.edu,https://computerscience.nmsu.edu/grad-students/prospective-graduates.html,https://computerscience.nmsu.edu/grad-students/prospective-graduates.html,19031,50,33,48,3,Required,79,6.5,NULL
48,31,Computer Engineering,https://ece.nmsu.edu/,"1125 Frenger Mall Las Cruces, NM 88003-8001",575-646-3115,eceoffice@nmsu.edu,https://ece.nmsu.edu/grad-study/prospective-students.html,https://ece.nmsu.edu/grad-study/prospective-students.html,19031,50,30,48,3,Required,79,6.5,NULL
49,32,Computer Science,https://www.cs.nmt.edu/,"801 Leroy Place Socorro, NM 87801",575-835-5126,secretary@cs.nmt.edu,https://www.cs.nmt.edu/academics/graduate-programs/,https://www.nmt.edu/academics/compsci/graduate.php,25665,60,30,60,NULL,Required,76,6,NULL
50,33,Computer Science,https://engineering.oregonstate.edu/EECS,"110 SW Park Terrace Corvallis, OR 97331-5501",541-737-3617,askengineering@oregonstate.edu,https://engineering.oregonstate.edu/Academics/Degrees/computer-science,https://engineering.oregonstate.edu/Academics/Degrees/computer-science,30481,85,45,108,3,Not Required,80,6.5,NULL
51,34,Computer Science,https://scds.uoregon.edu/,"120 Deschutes Hall Eugene, OR 97403",541-346-4408,info@cs.uoregon.edu,https://scds.uoregon.edu/cs/apply/graduate-admissions,https://scds.uoregon.edu/cs/apply/graduate-admissions,31455,90,54,48,3,Required,100,7,NULL
52,35,Computer Science,https://www.pdx.edu/computer-science/,"1900 SW 4th Avenue, Suite 120 Portland, OR 97201",503-725-4036,csoffice@pdx.edu,https://www.pdx.edu/computer-science/graduate-admission,https://www.pdx.edu/computer-science/graduate-admission,22296,65,45,81,3,Not Required,71,6,53
53,35,Computer Engineering,https://www.pdx.edu/electrical-computer-engineering/,"1900 SW 4th Avenue, Suite 160 Portland, OR 97201",503-725-3806,eceinfo@pdx.edu,https://www.pdx.edu/electrical-computer-engineering/ece-graduate-admissions,https://www.pdx.edu/electrical-computer-engineering/ece-graduate-admissions,22296,65,54,50,3,Not Required,80,6.5,60
54,36,Computer Science,https://www.ohsu.edu/school-of-medicine/csee,"3181 SW Sam Jackson Park Rd Portland, OR 97239",503 494-8220,heemanp@ohsu.edu,https://www.ohsu.edu/school-of-medicine/graduate-studies/admissions-0,https://www.ohsu.edu/school-of-medicine/graduate-studies/admissions-0,28863,70,45,NULL,3,Required,NULL,NULL,NULL
55,37,Computer Science,https://www.cs.utah.edu/,"50 Central Campus Dr., Room 3190 Salt Lake City, UT 84112",801-581-8224,contact@cs.utah.edu,https://www.cs.utah.edu/graduate/prospective-students/admissions/graduate-admission-requirements/,https://www.cs.utah.edu/graduate/prospective-students/admissions/graduate-deadline-details/,27056,65,24,50,3,Not Required,80,6.5,NULL
56,37,Computer Engineering,https://www.ce.utah.edu/,"50 S. Central Campus Drive Salt Lake City, UT 84112",801-581-6941,info@ece.utah.edu,https://www.ece.utah.edu/grad-admissions/,https://www.ece.utah.edu/grad-admissions/,27056,65,30,NULL,3.2,Not Required,80,6.5,NULL
57,38,Computer Science,https://cs.byu.edu/,"3361 James E. TMCB Provo, UT 84604",801-422-3027,csoffice@cs.byu.edu,https://cs.byu.edu/education/graduate/admissions-information/,https://cs.byu.edu/education/graduate/admissions-information/,7700,50,24/30,66,3.25,Not Required,105,7,NULL
58,38,Computer Engineering,https://ece.byu.edu/,"450 Engineering Building Provo, UT 84604",801-422-4012,ecen_secretary@byu.edu,https://ece.byu.edu/application-admission-overview,https://ece.byu.edu/application-admission-overview,7700,50,32,38/56,3,Required,85,7,NULL
59,39,Computer Science,https://www.usu.edu/cs/,"4205 Old Main Hill Logan, UT 84322",435-797-2451,usucs@aggies.usu.edu,https://www.usu.edu/cs/students/graduate/index,https://www.usu.edu/cs/students/graduate/index,24008,55,30/34,40-70,3,Required,79,6,NULL
60,39,Computer Engineering,https://engineering.usu.edu/ece/,"4120 Old Main Hill Logan, UT 84322",435-797-8340,diane.buist@usu.edu,https://gradschool.usu.edu/admissions/policies,https://gradschool.usu.edu/admissions/policies,24008,55,NULL,NULL,3,Not Required,79,6,NULL
61,40,Computer Science,https://www.cs.washington.edu/,"185 E Stevens Way NE Seattle, WA 98195-2350",206-543-1695,grad-advising@cs.washington.edu,https://www.cs.washington.edu/academics/apply#GradInfo,https://www.cs.washington.edu/academics/apply#GradInfo,31530,85,30,64,3,Optional,80,6.5,NULL
62,41,Computer Science,https://school.eecs.wsu.edu/,"355 NE Spokane St. Pullman, WA 99163",509-335-6602,eecs.office@wsu.edu,https://school.eecs.wsu.edu/academics/graduate-program/admission/,https://school.eecs.wsu.edu/academics/graduate-program/admission/,28860,90,30,64,3,Optional,80,6.5,NULL
63,42,Computer Science,https://www.uwyo.edu/eecs/,"1000 E. University Ave. Laramie, WY 82071",307-766-2279,eecs@uwyo.edu,https://www.uwyo.edu/eecs/graduate/admissions-info.html,https://www.uwyo.edu/eecs/graduate/admissions-info.html,18381,50,30,64,3,Optional,80,6.5,NULL
64,43,Computer Science,https://cse.umn.edu/cs,"207 Church Street SE Minneapolis, MN 55455",612-625-4002,csdesk@umn.edu,https://cse.umn.edu/cs/graduate-admissions-overview,https://cse.umn.edu/cs/graduate-admissions-overview,30425,95,30,64,3,Optional,80,6.5,NULL
65,44,Computer Science,https://www.waldenu.edu/programs/information-technology,"100 Washington Avenue South Minneapolis, Minnesota 55401",866-492-5336,help@waldenu.edu,https://www.waldenu.edu/admissions,https://www.waldenu.edu/admissions,10381,0,30,64,3,Optional,80,6.5,NULL
66,45,Computer Science,https://cse.wustl.edu/index.html,"1 Brookings Drive St. Louis, MO 63130-4899",314-935-5830,engineeringgradadmissions@wustl.edu,https://cse.wustl.edu/academics/graduate/PhD-in-Computer-Science-or-Computer-Engineering.html,https://cse.wustl.edu/academics/graduate/PhD-in-Computer-Science-or-Computer-Engineering.html,60590,45,30,64,3,Optional,80,6.5,NULL
67,46,Computer Science,https://engineering.missouri.edu/departments/eecs/,"W1024 Lafferre Hall Columbia, MO 65211",573-882-4375,engineering@missouri.edu,https://gradschool.missouri.edu/admissions/how-to-prepare-for-graduate-school/,https://gradschool.missouri.edu/admissions/how-to-prepare-for-graduate-school/,29952,100,30,64,3,Optional,80,6.5,NULL
68,47,Computer Science,https://cs.mst.edu/,"500 West 15th Street Rolla, MO 65409",573-341-4492,csdept@mst.edu,https://cs.mst.edu/graduate-degrees/graduatefaq/,https://cs.mst.edu/graduate-degrees/graduatefaq/,32088,75,30,64,3,Optional,80,6.5,NULL
69,47,Computer Engineering,https://ece.mst.edu/,"301 W. 16th St. Rolla, MO 65409",573-341-4519,ece@mst.edu,https://ece.mst.edu/academic-programs/computer-engineering/graduate-degrees-certificates/,https://ece.mst.edu/academic-programs/computer-engineering/graduate-degrees-certificates/,32088,75,30,64,3,Optional,80,6.5,NULL
70,48,Computer Science,https://sse.umkc.edu/academics/programs/computer-science-and-information-technology.html,"5110 Rockhill Road Kansas City, MO 64110",816-235-2399,sse@umkc.edu,https://sse.umkc.edu/academics/programs/computer-science-and-information-technology-graduate.html,https://sse.umkc.edu/academics/programs/computer-science-and-information-technology-graduate.html,29231,75,30,64,3,Optional,80,6.5,NULL
71,48,Computer Engineering,https://sse.umkc.edu/academics/programs/electrical-and-computer-engineering.html,"5110 Rockhill Road Kansas City, MO 64110",816-235-8652,admissions@umkc.edu,https://sse.umkc.edu/academics/programs/electrical-and-computer-engineering-graduate.html,https://sse.umkc.edu/academics/programs/electrical-and-computer-engineering-graduate.html,29231,75,30,64,3,Optional,80,6.5,NULL
72,49,Computer Science,https://computing.unl.edu/,"1144 T Street Lincoln, NE 68588-0115",402-472-2401,computing@unl.edu,https://computing.unl.edu/graduate/,https://computing.unl.edu/graduate/,19571,50,30,64,3,Optional,80,6.5,NULL
73,50,Computer Science,https://www.unomaha.edu/college-of-information-science-and-technology/computer-science/,"1110 South 67th Street Omaha, NE 68182",402-554-3819,advising-cist@unomaha.edu,https://www.unomaha.edu/college-of-information-science-and-technology/computer-science/prospective-students/graduate-programs.php,https://www.unomaha.edu/college-of-information-science-and-technology/computer-science/prospective-students/graduate-programs.php,16374,50,30,64,3,Optional,80,6.5,NULL
74,51,Computer Science,https://www.ndsu.edu/cs/,"1320 Albrecht Boulevard Fargo, ND 58105",701-231-8562,ndsu.computer.science@ndsu.edu,https://catalog.ndsu.edu/programs-study/graduate/computer-science/,https://catalog.ndsu.edu/programs-study/graduate/computer-science/,12489,35,30,64,3,Optional,80,6.5,NULL
75,51,Computer Engineering,https://www.ndsu.edu/ece/,"1411 Centennial Blvd Fargo, ND 58102",701-231-7019,Eileen.Campbell@ndsu.edu,https://catalog.ndsu.edu/programs-study/graduate/electrical-computer-engineering/,https://catalog.ndsu.edu/programs-study/graduate/electrical-computer-engineering/,12489,35,30,64,3,Optional,80,6.5,NULL
76,52,Computer Science,https://cse.osu.edu/,"2015 Neil Avenue Columbus, OH 43210-1277",614-292-5813,grad-adm@cse.ohio-state.edu,https://cse.osu.edu/prospective-students/graduate/cse-graduate-admissions,https://cse.osu.edu/prospective-students/graduate/cse-graduate-admissions,39598,70,30,64,3,Optional,80,6.5,NULL
77,53,Computer Science,https://engineering.case.edu/computer-and-data-sciences,"10900 Euclid Avenue Cleveland, Ohio 44106-7204",216-368-2800,gradadmit@case.edu,https://case.edu/gradstudies/index.php/prospective-students/admissions-information,https://case.edu/gradstudies/index.php/prospective-students/admissions-information,50878,50,30,64,3,Optional,80,6.5,NULL
78,53,Computer Engineering,https://engineering.case.edu/electrical-computer-and-systems-engineering,"2123 Martin Luther King Jr. Dr. Cleveland, OH 44106",216-368-2800,gradadmit@case.edu,https://case.edu/gradstudies/index.php/prospective-students/admissions-information,https://case.edu/gradstudies/index.php/prospective-students/admissions-information,50878,50,30,64,3,Optional,80,6.5,NULL
79,54,Computer Science,https://ceas.uc.edu/academics/departments/computer-science.html,"2901 Woodside Drive Cincinnati, OH 45221",513-556-3647,engrgrad@uc.edu,https://ceas.uc.edu/admissions/graduate/faqs.html,https://ceas.uc.edu/admissions/graduate/faqs.html,26644,70,30,64,3,Optional,80,6.5,NULL
80,54,Computer Engineering,https://ceas.uc.edu/academics/departments/electrical-computer-engineering.html,"2901 Woodside Drive Cincinnati, OH 45221",513-556-3647,engrgrad@uc.edu,https://ceas.uc.edu/academics/departments/electrical-computer-engineering/current-graduate-students/admissions-application.html,https://ceas.uc.edu/academics/departments/electrical-computer-engineering/current-graduate-students/admissions-application.html,26644,70,30,64,3,Optional,80,6.5,NULL
81,55,Computer Science,https://www.ohio.edu/engineering/eecs,"1 Ohio University, Stocker Center 329 Athens, OH 45701",740-593-1568,eecs@ohio.edu,https://www.ohio.edu/engineering/eecs/academics/graduate,https://www.ohio.edu/engineering/eecs/academics/graduate,17712,55,30,64,3,Optional,80,6.5,NULL
82,56,Computer Science,https://www.afit.edu/ENG/,"2950 Hobson Way Wright-Patterson AFB, OH 45433",937-255-6234,afit.ene.admissions@us.af.mil,https://www.afit.edu/ENG/programs.cfm?a=view&D=11,https://www.afit.edu/ENG/programs.cfm?a=view&D=11,NULL,NULL,30,64,3,Optional,80,6.5,NULL
83,57,Computer Science,https://engineering-computer-science.wright.edu/computer-science-and-engineering,"3640 Colonel Glenn Hwy. Dayton, OH 45435",937-775-5131,cse-dept@wright.edu,https://engineering-computer-science.wright.edu/admission-and-aid/graduate-admission,https://engineering-computer-science.wright.edu/admission-and-aid/graduate-admission,24286,40,30,64,3,Optional,80,6.5,NULL
84,58,Computer Science,https://engineering.csuohio.edu/eecs/eecs,"1960 East 24th Street Cleveland, Ohio 44115-2214",216-687-2589,eecs@csuohio.edu,https://go.csuohio.edu/portal/apply,https://go.csuohio.edu/portal/apply,18438,40,30,64,3,Optional,80,6.5,NULL
85,59,Computer Science,https://www.kent.edu/cs,"800 E. Summit St. Kent, OH 44242",330-672-9980,depsec@cs.kent.edu,https://www.kent.edu/cs/graduate-programs,https://www.kent.edu/cs/graduate-programs,22522,45,30,64,3,Optional,80,6.5,NULL
86,60,Computer Science,https://www.utoledo.edu/engineering/electrical-engineering-computer-science/,"2801 W. Bancroft St. Toledo, OH 43606",440-530-8163,Devinder.Kaur@utoledo.edu,https://www.utoledo.edu/graduate/admission/how-to-apply/,https://www.utoledo.edu/graduate/admission/how-to-apply/,28291,40,30,64,3,Optional,80,6.5,NULL
87,61,Computer Science,https://dsu.edu/academics/colleges/beacom-college-of-computer-and-cyber-sciences.html,"820 N Washington Ave. Madison, SD 57042",605-256-5799,gradoffice@dsu.edu,https://dsu.edu/admissions/graduate/how-to-apply/graduate-admissions-requirements.html,https://dsu.edu/admissions/graduate/how-to-apply/graduate-admissions-requirements.html,11931,35,30,64,3,Optional,80,6.5,NULL
88,62,Computer Science,https://www.cs.wisc.edu/,"1210 W. Dayton Street Madison, WI 53706-1613",608-262-1204,admissions@cs.wisc.edu,https://www.cs.wisc.edu/graduate-admissions/,https://www.cs.wisc.edu/graduate-admissions/,25577,75,30,64,3,Optional,80,6.5,NULL
89,62,Computer Engineering,https://engineering.wisc.edu/departments/electrical-computer-engineering/,"1415 Engineering Drive Madison, WI 53706",608-262-3840,ecegradadmission@engr.wisc.edu,https://grad.wisc.edu/apply/,https://grad.wisc.edu/apply/,25577,75,30,64,3,Optional,80,6.5,NULL
90,63,Computer Science,https://uwm.edu/engineering/departments/computer-science/,"3200 North Cramer Street Milwaukee, WI 53211",414-229-4768,ceas-cs@uwm.edu,https://graduateschool-apply.uwm.edu/index.cfm?FuseAction=Programs.ViewProgramAngular&id=10020,https://graduateschool-apply.uwm.edu/index.cfm?FuseAction=Programs.ViewProgramAngular&id=10020,25661,75,30,64,3,Optional,80,6.5,NULL
91,64,Computer Science,https://www.marquette.edu/computer-science/,"1313 W. Wisconsin Avenue Milwaukee, WI 53233",414-288-8600,tim.carter@marquette.edu,https://www.marquette.edu/grad/programs-computing.php,https://www.marquette.edu/grad/programs-computing.php,22410,50,30,64,3,Optional,80,6.5,NULL
92,64,Computer Engineering,https://www.marquette.edu/electrical-computer-engineering/,"1515 W. Wisconsin Avenue Milwaukee, WI 53233",414-288-3518,katie.tarara@marquette.edu,https://www.marquette.edu/grad/programs-electrical-computer-engineering.php,https://www.marquette.edu/grad/programs-electrical-computer-engineering.php,22410,50,30,64,3,Optional,80,6.5,NULL
93,65,Computer Science,https://www.cs.seas.gwu.edu/,"800 22nd St NW, Room 4000 Washington, DC 20052",202-994-7181,cs@gwu.edu,https://graduate.seas.gwu.edu/ms-admissions-requirements,https://graduate.seas.gwu.edu/ms-admissions-requirements,33984,80,30,64,3,Optional,80,6.5,NULL
94,65,Computer Engineering,https://www.ece.seas.gwu.edu/,"800 22nd Street NW, 5000 Washington, DC 20052",202-994-6083,ece@gwu.edu,https://graduate.seas.gwu.edu/doctoral-admissions-requirements,https://graduate.seas.gwu.edu/doctoral-admissions-requirements,33984,80,30,64,3,Optional,80,6.5,NULL
95,66,Computer Science,https://cs.georgetown.edu/,"37th and O Streets, NW Washington, DC 20057-1232",202-687-5874,gpm@cs.georgetown.edu,https://cs.georgetown.edu/graduate/ms/,https://cs.georgetown.edu/graduate/ms/,57049,90,30,64,3,Optional,80,6.5,NULL
96,67,Computer Science,https://cea.howard.edu/academics/departments/department-electrical-engineering-and-computer-science,"2300 Sixth Street, NW Washington, D.C. 20059",202-806-4676,shadezz.edwards@howard.edu,https://gs.howard.edu/computer-science-phd,https://gs.howard.edu/computer-science-phd,36022,45,30,64,3,Optional,80,6.5,NULL
97,68,Computer Science,https://engineering.catholic.edu/eecs/index.html,"620 Michigan Ave. NE Washington, DC 20064",202-319-5193,eecs@cua.edu,https://engineering.catholic.edu/admission/graduate-doctorate/index.html,https://engineering.catholic.edu/admission/graduate-doctorate/index.html,53180,60,30,64,3,Optional,80,6.5,NULL
98,69,Computer Science,https://www.uprm.edu/cse/,"259 Norte Alfonso Valdez Cobian Mayaguez, PR 00680",787-832-4040,emmanuel.arzuaga@upr.edu,https://www.uprm.edu/cse/phd-computing-and-information-sciences-and-engineering-cise/,https://www.uprm.edu/cse/phd-computing-and-information-sciences-and-engineering-cise/,3800,80,30,64,3,Optional,80,6.5,NULL
99,70,Computer Science,https://cpsc.yale.edu/,"PO Box 208285, New Haven, CT 06520-8285",203-432-1278,gradinfo@cs.yale.edu,https://gsas.yale.edu/admissions/degree-program-application-process,https://gsas.yale.edu/admissions/degree-program-application-process,48300,105,30,64,3,Optional,80,6.5,NULL
100,71,Computer Science,https://www.cse.uconn.edu,"371 Fairfield Road , Storrs, CT 06269-2155",860-486-3719,cseweb@cse.uconn.edu,https://www.cse.uconn.edu/graduate-studies/masters-program/master-of-science-ms/,https://www.cse.uconn.edu/graduate-studies/masters-program/master-of-science-ms/,44106,NULL,30,64,3,Optional,80,6.5,NULL
101,72,Computer Science,https://www.bridgeport.edu/academics/programs/computer-science-programs/,"126 Park Ave, Bridgeport, CT 6604",203-576-4552,admit@bridgeport.edu,https://www.bridgeport.edu/academics/programs/computer-science-ms/admission-requirements,https://www.bridgeport.edu/academics/programs/computer-science-ms/admission-requirements,18450,NULL,30,64,3,Optional,80,6.5,NULL
102,73,Computer Science,https://umaine.edu/cs/,"237 Neville Hall, Orono, ME 04469-5752",207-581-3941,gradinfo@umcs.maine.edu,https://umaine.edu/cs/graduate-degree-programs/,https://umaine.edu/cs/graduate-degree-programs/,25440,NULL,30,64,3,Optional,80,6.5,NULL
103,74,Computer Science,https://www.eecs.mit.edu/,"Room 38-401, Cambridge, MA 02139-4307",617-253-4603,grad-ap@eecs.mit.edu,https://www.eecs.mit.edu/academics/graduate-programs/admission-process/graduate-admissions-faqs/,https://www.eecs.mit.edu/academics/graduate-programs/admission-process/graduate-admissions-faqs/,29875,75,30,64,3,Optional,80,6.5,NULL
104,75,Computer Science,https://seas.harvard.edu/computer-science,"29 Oxford Street, Cambridge, MA 02138",617-495-2833,communications@seas.harvard.edu,https://seas.harvard.edu/computer-science/graduate-programs/how-apply,https://seas.harvard.edu/computer-science/graduate-programs/how-apply,61768,105,30,64,3,Optional,80,6.5,NULL
105,76,Computer Science,https://www.cics.umass.edu/,"140 Governors Drive, Amherst, MA 01003-9264",413-545-2744,leclerc@cs.umass.edu,https://www.umass.edu/graduate/apply/international-applicants,https://www.umass.edu/graduate/apply/international-applicants,38377,85,30,64,3,Optional,80,6.5,NULL
106,77,Computer Science,https://www.khoury.northeastern.edu/,"360 Huntington Avenue, Boston, MA 02115",617-373-2462,gradschool@ccs.neu.edu,https://www.khoury.northeastern.edu/apply/masters-apply/,https://www.khoury.northeastern.edu/apply/masters-apply/,31200,75,30,64,3,Optional,80,6.5,NULL
107,78,Computer Science,https://www.bu.edu/cs/,"111 Cummington Street, Room 138, Boston, MA 02215",617-358-8919,cs@bu.edu,https://www.bu.edu/cs/masters/admissions/cs/,https://www.bu.edu/cs/masters/admissions/cs/,63798,95,30,64,3,Optional,80,6.5,NULL
108,79,Computer Science,https://engineering.tufts.edu/cs/,"161 College Avenue, Medford, MA 02155",617-627-2225,csadmin@cs.tufts.edu,https://asegrad.tufts.edu/applying/requirements,https://asegrad.tufts.edu/applying/requirements,50910,85,30,64,3,Optional,80,6.5,NULL
109,80,Computer Science,https://www.wpi.edu/academics/departments/computer-science,"Fuller Laboratories, Worcester, MA 01609-2280",508-831-5357,graduate@cs.wpi.edu,https://www.wpi.edu/admissions/graduate/international,https://www.wpi.edu/admissions/graduate/international,28980,70,30,64,3,Optional,80,6.5,NULL
110,81,Computer Science,https://www.brandeis.edu/computer-science/,"Volen Center for Complex Systems, Room 261, Waltham, MA 02254",781-736-2700,gradschool@brandeis.edu,https://www.brandeis.edu/computer-science/graduate/apply.html,https://www.brandeis.edu/computer-science/graduate/apply.html,29280,75,30,64,3,Optional,80,6.5,NULL
111,82,Computer Science,https://www.cs.umb.edu/,"100 Morrissey Boulevard, Boston, MA 02125",617-287-6440,csinfo@cs.umb.edu,https://catalog.umb.edu/content.php?catoid=49&navoid=7874,https://catalog.umb.edu/content.php?catoid=49&navoid=7874,14402,100,30,64,3,Optional,80,6.5,NULL
112,83,Computer Science,https://www.uml.edu/sciences/computer-science/,"1 University Avenue, Lowell, MA 01854",978-934-3620,wang@cs.uml.edu,https://www.uml.edu/grad/process/fcecas-requirements.aspx,https://www.uml.edu/grad/process/fcecas-requirements.aspx,31827,75,30,64,3,Optional,80,6.5,NULL
113,84,Computer Science,https://www.cs.princeton.edu/,"35 Olden Street, Princeton, NJ 08540-5233",609-258-5387,gradinfo@cs.princeton.edu,https://www.cs.princeton.edu/grad/admissions-requirements,https://www.cs.princeton.edu/grad/admissions-requirements,59710,NULL,30,64,3,Optional,80,6.5,NULL
114,85,Computer Science,https://www.cs.rutgers.edu/,"110 Frelinghuysen Road, Piscataway, NJ 08854-8019",732-445-2001,gradstudy@cs.rutgers.edu,https://gradstudy.rutgers.edu/apply/application-guidelines,https://gradstudy.rutgers.edu/apply/application-guidelines,17580,70,30,64,3,Optional,80,6.5,NULL
115,86,Computer Science,https://cs.njit.edu/,"GITC Building, Room 4400, Newark, NJ 07102-1982",973-596-3366,cs@cs.njit.edu,https://www.njit.edu/admissions/masters-programs,https://www.njit.edu/admissions/masters-programs,33543,75,30,64,3,Optional,80,6.5,NULL
116,87,Computer Science,https://www.stevens.edu/school-engineering-science/departments/computer-science,"Castle Point on Hudson, Hoboken, NJ 07030",201-216-5328,cs-ms-query@cs.stevens.edu,https://www.stevens.edu/application-requirements,https://www.stevens.edu/application-requirements,42988,60,30,64,3,Optional,80,6.5,NULL
117,88,Computer Science,https://www.cs.rutgers.edu/,"185 University Ave, Newark, NJ 7102",973-353-5834,run-grad@newark.rutgers.edu,https://gradstudy.rutgers.edu/apply/application-guidelines,https://gradstudy.rutgers.edu/apply/application-guidelines,33543,75,30,64,3,Optional,80,6.5,NULL
118,89,Computer Science,https://web.cs.dartmouth.edu,"HB 6211 , Hanover, NH 03755",603-646-2206,phd@cs.dartmouth.edu,https://web.cs.dartmouth.edu/graduate/applying/masters-computer-science,https://web.cs.dartmouth.edu/graduate/applying/masters-computer-science,42969,40,30,64,3,Optional,80,6.5,NULL
119,90,Computer Science,https://ceps.unh.edu/computer-science/,"33 Academic Way, Durham, NH 3824",603-862-3778,grad.school@unh.edu,https://ceps.unh.edu/computer-science/program/ms/computer-science#collapse-wapirequirements,https://ceps.unh.edu/computer-science/program/ms/computer-science#collapse-wapirequirements,15590,65,30,64,3,Optional,80,6.5,NULL
120,91,Computer Science,http://www.cs.cornell.edu,"4130 Upson Hall, Ithaca, NY 14853-7501",607-255-7316,www@cs.cornell.edu,https://www.cs.cornell.edu/masters/apply/application,https://www.cs.cornell.edu/masters/apply/application,29500,105,30,64,3,Optional,80,6.5,NULL
121,92,Computer Science,https://www.cs.columbia.edu/,"450 Computer Science Building , New York, NY 10027-7003",212-939-7000,phd-admissions@lists.cs.columbia.edu,https://www.gradengineering.columbia.edu/graduate-admissions/application-requirements,https://www.gradengineering.columbia.edu/graduate-admissions/application-requirements,59088,85,30,64,3,Optional,80,6.5,NULL
122,93,Computer Science,https://cs.nyu.edu/home/index.html,"Warren Weaver Hall, Room 305, New York, NY 10012",212-998-3011,admissions@cs.nyu.edu,https://cs.nyu.edu/ms-cei/admissions.html,https://cs.nyu.edu/ms-cei/admissions.html,55480,110,30,64,3,Optional,80,6.5,NULL
123,94,Computer Science,https://www.cs.stonybrook.edu/,100 Nichols Road US NY Stony Brook 11794,631-632-8470,graduate@cs.sunysb.edu,https://www.stonybrook.edu/commcms/grad/admissions/apply/graduate-programs.php?accordion=content-d19e183,https://www.stonybrook.edu/commcms/grad/admissions/apply/graduate-programs.php?accordion=content-d19e183,23100,100,30,64,3,Optional,80,6.5,NULL
124,95,Computer Science,https://science.rpi.edu/computer-science,"110 Eighth Street, Troy, NY 12180-3590",518-276-8326,info@cs.rpi.edu,https://admissions.rpi.edu/graduate/masters-and-phd-applicants,https://admissions.rpi.edu/graduate/masters-and-phd-applicants,60360,75,30,64,3,Optional,80,6.5,NULL
125,96,Computer Science,https://www.cs.rochester.edu/,"734 Computer Studies Building, Rochester, NY 14627",585-275-5671,info@cs.rochester.edu,https://www.cs.rochester.edu/graduate/how-to-apply.html#Materials,https://www.cs.rochester.edu/graduate/how-to-apply.html#Materials,47280,70,30,64,3,Optional,80,6.5,NULL
126,97,Computer Science,https://engineering.buffalo.edu/computer-science-engineering,"201 Bell Hall , Buffalo, NY 14260-2000",716-645-3180,cse-gradinfo@cse.buffalo.edu,https://engineering.buffalo.edu/computer-science-engineering/graduate/admissions/application-materials.html,https://engineering.buffalo.edu/computer-science-engineering/graduate/admissions/application-materials.html,27338,85,30,64,3,Optional,80,6.5,NULL
127,98,Computer Science,https://ecs.syracuse.edu/,"223 Link Hall, Syracuse, NY 13244",315-443-2545,jcoh@ecs.syr.edu,https://ecs.syracuse.edu/admissions/graduate/application-requirements,https://ecs.syracuse.edu/admissions/graduate/application-requirements,33696,75,30,64,3,Optional,80,6.5,NULL
128,99,Computer Science,https://www.rit.edu/computing/department-computer-science,"58 Lomb Memorial Drive, Rochester, NY 14623",585-475-2522,gradinfo@rit.edu,https://www.rit.edu/admissions/graduate/application-instructions,https://www.rit.edu/admissions/graduate/application-instructions,56884,65,30,64,3,Optional,80,6.5,NULL
129,100,Computer Science,https://www.binghamton.edu/computer-science/index.html,"PO Box 6000, Binghamton, NY 13902-6000",607-777-4802,lander@binghamton.edu,https://www.binghamton.edu/bulletin/2023-24/admissions/gradadmis.html,https://www.binghamton.edu/bulletin/2023-24/admissions/gradadmis.html,23100,75,30,64,3,Optional,80,6.5,NULL
130,101,Computer Science,https://www.gc.cuny.edu/computer-science,"365 Fifth Avenue, New York , NY 10016-4309",212-817-8190,LGarcia1@gc.cuny.edu,https://www.gc.cuny.edu/admissions-aid/how-apply,https://www.gc.cuny.edu/admissions-aid/how-apply,20520,75,30,64,3,Optional,80,6.5,NULL
131,102,Computer Science,https://www.albany.edu/computer-science,"1400 Washington Avenue, Albany, NY 12222",518-442-4270,csdept@cs.albany.edu,https://www.albany.edu/graduate/admissions/apply-degree-or-certificate-program,https://www.albany.edu/graduate/admissions/apply-degree-or-certificate-program,28773,75,30,64,3,Optional,80,6.5,NULL
132,103,Computer Science,https://www.pace.edu/seidenberg/academics/departments/computer-science,"One Pace Plz, New York, NY 10038",800-874-7223,GraduateAdmission@pace.edu,https://www.pace.edu/admission-and-aid/graduate-admission/how-apply/masters-programs,https://www.pace.edu/admission-and-aid/graduate-admission/how-apply/masters-programs,35760,70,30,64,3,Optional,80,6.5,NULL
133,104,Computer Science,https://www.liu.edu/~/link.aspx?_id=785B60ABEC7F4307BD9B64D38C58287F&_z=z,"720 Northern Boulevard, Brookville, NY 11548-1300",516-299-2293,post-educate@liu.edu,https://liu.edu/admissions/~/link.aspx?_id=BE41E225F8CE4C3FB0D72334DD560EF7&_z=z,https://liu.edu/admissions/~/link.aspx?_id=BE41E225F8CE4C3FB0D72334DD560EF7&_z=z,32448,79,30,64,3,Optional,80,6.5,NULL
134,105,Computer Science,https://www.cs.cmu.edu/,"5000 Forbes Avenue, Pittsburgh, PA 15213-3891",412-268-8525,grad-adm@cs.cmu.edu,https://www.cs.cmu.edu/academics/application_instructions,https://www.cs.cmu.edu/academics/application_instructions,54420,80,30,64,3,Optional,80,6.5,NULL
135,106,Computer Science,https://www.eecs.psu.edu,"111 Information Sciences and Technology Building, University Park, PA 16802",814-865-9505,gradcontact@cse.psu.edu,https://www.eecs.psu.edu/students/graduate/EECS-How-to-apply-CSE.aspx,https://www.eecs.psu.edu/students/graduate/EECS-How-to-apply-CSE.aspx,41602,65,30,64,3,Optional,80,6.5,NULL
136,107,Computer Science,https://www.cs.pitt.edu,"6117 Sennott Square , Pittsburgh, PA 15260",412-624-8495,grad_info@cs.pitt.edu,https://www.cs.pitt.edu/future-students/graduate/how-apply,https://www.cs.pitt.edu/future-students/graduate/how-apply,27164,NULL,30,64,3,Optional,80,6.5,NULL
137,108,Computer Science,https://www.cs.drexel.edu/,"3141 Chestnut Street, Philadelphia, PA 19104",215-895-2474,cs-info-grad@cs.drexel.edu,https://drexel.edu/cci/academics/masters-programs/ms-in-computer-science/#admissionsrequirements,https://drexel.edu/cci/academics/masters-programs/ms-in-computer-science/#admissionsrequirements,33504,NULL,30,64,3,Optional,80,6.5,NULL
138,109,Computer Science,https://engineering.lehigh.edu/cse,"Packard Laboratory, 19 Memorial Drive W, Bethlehem, PA 18015",610-758-3065,cheng@cse.lehigh.edu,https://engineering.lehigh.edu/cse/academics/graduate/admissions,https://engineering.lehigh.edu/cse/academics/graduate/admissions,37080,50,30,64,3,Optional,80,6.5,NULL
139,110,Computer Science,https://cis.temple.edu/,"324 Wachman Hall, 1805 N. Broad Street, Philadelphia, PA 19122",215-204-8450,cis@temple.edu,https://www.temple.edu/academics/degree-programs/computer-science-ms-st-csci-ms/cst-grad-computer-science-admissions-information,https://www.temple.edu/academics/degree-programs/computer-science-ms-st-csci-ms/cst-grad-computer-science-admissions-information,40200,NULL,30,64,3,Optional,80,6.5,NULL
140,111,Computer Science,https://www.cis.upenn.edu,"Levine Hall, Philadelphia, PA 19104-6309",215-898-8560,cis-info@cis.upenn.edu,https://gradadm.seas.upenn.edu/how-to-apply/,https://gradadm.seas.upenn.edu/how-to-apply/,36630,90,30,64,3,Optional,80,6.5,NULL
141,112,Computer Science,https://cs.brown.edu/,"Box 1910, Providence, RI 02912-1910",401-863-7600,grad_affairs@cs.brown.edu,https://cs.brown.edu/degrees/masters/applications/,https://cs.brown.edu/degrees/masters/applications/,19518,NULL,30,64,3,Optional,80,6.5,NULL
142,113,Computer Science,https://web.uri.edu/cs/,"Quinn Hall Rm 204, 55 Lower College Rd, Kingston, RI 2881",401-874-7100,gradadm@etal.uri.edu,https://web.uri.edu/graduate-school/admission/,https://web.uri.edu/graduate-school/admission/,31952,NULL,30,64,3,Optional,80,6.5,NULL
143,114,Computer Science,https://www.uvm.edu/cems/cs,"351 Votey Hall 33 Colchester Ave, Burlington, VT 5405",802-656-3330,csgrad-info@cems.uvm.edu,https://www.uvm.edu/graduate/application_instructions,https://www.uvm.edu/graduate/application_instructions,41280,65,30,64,3,Optional,80,6.5,NULL
144,115,Computer Science,https://cs.illinois.edu/,"201 N. Goodwin Avenue, Urbana, IL 61801",217-333-3527,mkelley@illinois.edu,https://cs.illinois.edu/admissions/graduate/applications-process-requirements,https://cs.illinois.edu/admissions/graduate/applications-process-requirements,29760,70,30,64,3,Optional,80,6.5,NULL
145,116,Computer Science,https://cs.uchicago.edu/,"1100 E. 58th Street, Chicago, IL 60637",773-834-6614,chair@cs.uchicago.edu,https://masters.cs.uchicago.edu/page/application-requirements,https://masters.cs.uchicago.edu/page/application-requirements,40008,90,30,64,3,Optional,80,6.5,NULL
146,117,Computer Science,https://www.mccormick.northwestern.edu/computer-science/,"Tech L351, Evanston, IL 60202-3118",847-467-2172,eecsgrad@eecs.northwestern.edu,https://www.mccormick.northwestern.edu/academics/graduate/admissions/application-checklist.html,https://www.mccormick.northwestern.edu/academics/graduate/admissions/application-checklist.html,43100,NULL,30,64,3,Optional,80,6.5,NULL
147,118,Computer Science,https://cs.uic.edu/,"851 S. Morgan (M/C 152), Chicago, IL 60607-7053",312-996-3422,grad@cs.uic.edu,https://cs.uic.edu/graduate/admissions/,https://cs.uic.edu/graduate/admissions/,25990,100,30,64,3,Optional,80,6.5,NULL
148,119,Computer Science,https://www.iit.edu/computer-science,"10 W. 31st Street, Stuart Building 235, Chicago, IL",312-567-5150,winans@iit.edu,https://www.iit.edu/admissions-aid/graduate-admission/international-students/admission-dates-and-deadlines,https://www.iit.edu/admissions-aid/graduate-admission/international-students/admission-dates-and-deadlines,41088,NULL,30,64,3,Optional,80,6.5,NULL
149,120,Computer Science,https://www.ttic.edu/,"6045 South Kenwood Ave, Chicago, IL 60637",773-834-2500,admissions@ttic.edu,https://www.ttic.edu/studentapplication/,https://www.ttic.edu/studentapplication/,0,0,30,64,3,Optional,80,6.5,NULL
150,121,Computer Science,https://www.cdm.depaul.edu/academics/Pages/School-of-Computing.aspx,"243 S. Wabash Avenue, Chicago, IL 60604",312-362-8381,admission@cdm.depaul.edu,https://www.cdm.depaul.edu/Admission-and-Aid/Pages/GraduateAdmissions.aspx,https://www.cdm.depaul.edu/Admission-and-Aid/Pages/GraduateAdmissions.aspx,22032,75,30,64,3,Optional,80,6.5,NULL
151,122,Computer Science,https://cs.siu.edu/,"1230 Lincoln Drive, Carbondale, IL 62901",618-536-2327,gradschl@siu.edu,https://gradschool.siu.edu/apply/international.php,https://gradschool.siu.edu/apply/international.php,28170,65,30,64,3,Optional,80,6.5,NULL
152,123,Computer Science,https://www.cs.purdue.edu/index.html,"305 N. University Street, West Lafayette, IN 47907-2107",765-494-6004,csgradinfo@purdue.edu,https://www.cs.purdue.edu/graduate/admission/steps.html,https://www.cs.purdue.edu/graduate/admission/steps.html,31104,NULL,30,64,3,Optional,80,6.5,NULL
153,124,Computer Science,https://cse.nd.edu/,"384 Fitzpatrick Hall, Notre Dame, IN 46556",574-631-8320,grad-app@cse.nd.edu,https://graduateschool.nd.edu/admissions/application-requirements/,https://graduateschool.nd.edu/admissions/application-requirements/,62502,75,30,64,3,Optional,80,6.5,NULL
154,125,Computer Science,https://cs.indiana.edu/index.html,"Computer Science Office, Luddy Hall 2062, 700 N. Woodlawn Avenue, Bloomington, IN 47408",812-855-6486,iucs@indiana.edu,https://luddy.indiana.edu/admissions/apply/graduate.html,https://luddy.indiana.edu/admissions/apply/graduate.html,27113,70,30,64,3,Optional,80,6.5,NULL
155,126,Computer Science,https://science.iupui.edu/cs/index.html,"799 West Michigan St, Indianapolis, IN 46202",317-278-4961,etinfo@iupui.edu,https://et.iupui.edu/prospective/graduate/admissions/masters-and-certificate-applications,https://et.iupui.edu/prospective/graduate/admissions/masters-and-certificate-applications,16020,70,30,64,3,Optional,80,6.5,NULL
156,127,Computer Science,https://cs.indstate.edu/info/,"200 North Seventh Street, Terre Haute, IN 47809-9989",812-237-2130,admissions@indstate.edu,https://www.indstate.edu/cgps/graduate/apply/international-degree-seeking-application,https://www.indstate.edu/cgps/graduate/apply/international-degree-seeking-application,14040,65,30,64,3,Optional,80,6.5,NULL
157,128,Computer Science,https://www.cs.iastate.edu/,"226 Atanasoff Hall, Ames, IA 50011-1041",515-294-4377,grad_adm@cs.iastate.edu,https://www.cs.iastate.edu/masters-application-requirements,https://www.cs.iastate.edu/masters-application-requirements,31141,100,30,64,3,Optional,80,6.5,NULL
158,129,Computer Science,https://cs.uiowa.edu/,"14 MacLean Hall, Iowa City, IA 52242-1419",319-335-0713,CS-INFO@list.uiowa.edu,https://grad.admissions.uiowa.edu/academics/computer-science-mcs-and-ms,https://grad.admissions.uiowa.edu/academics/computer-science-mcs-and-ms,30203,100,30,64,3,Optional,80,6.5,NULL
159,130,Computer Science,https://eecs.ku.edu/,"2001 Eaton Hall, Lawrence, KS 66045-7621",785-864-4620,graduate@eecs.ku.edu,https://gradapply.ku.edu/apply,https://gradapply.ku.edu/apply,35926,85,30,64,3,Optional,80,6.5,NULL
160,131,Computer Science,https://www.cis.ksu.edu/,"234 Nichols Hall, Manhattan, KS 66506",785-532-6350,cis-gradapps@ksu.edu,https://www.k-state.edu/grad/admissions/application-process/,https://www.k-state.edu/grad/admissions/application-process/,39408,75,30,64,3,Optional,80,6.5,NULL
161,132,Computer Science,https://www.wichita.edu/academics/engineering/SoC/,"1845 Fairmount St, Wichita, KS 67260",316-978-3456,operator@wichita.edu,https://www.wichita.edu/academics/graduate_school/admissions/application-checklist.php,https://www.wichita.edu/academics/graduate_school/admissions/application-checklist.php,22250,135,30,64,3,Optional,80,6.5,NULL
162,133,Computer Science,https://eecs.engin.umich.edu/,"2260 Hayward Street, Ann Arbor, MI 48109-2121",734-647-8047,csegrad@eecs.umich.edu,https://cse.engin.umich.edu/academics/graduate/admissions/apply/,https://cse.engin.umich.edu/academics/graduate/admissions/apply/,55052,80,30,64,3,Optional,80,6.5,NULL
163,134,Computer Science,https://www.cse.msu.edu/,"3115 Engineering Building, East Lansing, MI 48824-1226",517-353-3148,torng@cse.msu.edu,https://www.cse.msu.edu/Students/Future_Grad/HowToApply.php,https://www.cse.msu.edu/Students/Future_Grad/HowToApply.php,29772,NULL,30,64,3,Optional,80,6.5,NULL
164,135,Computer Science,https://www.mtu.edu/cs/,"1400 Townsend Drive, Houghton, MI 49931",906-487-2209,csdept@mtu.edu,https://www.mtu.edu/gradschool/prospective/apply-now/requirements/,https://www.mtu.edu/gradschool/prospective/apply-now/requirements/,41022,10,30,64,3,Optional,80,6.5,NULL
165,136,Computer Science,https://engineering.wayne.edu/computer-science,"5057 Woodward Avenue, Suite 3010, Detroit, MI 48202",313-577-2477,csdept@wayne.edu,https://gradschool.wayne.edu/admissions/international-process,https://gradschool.wayne.edu/admissions/international-process,34069,0,30,64,3,Optional,80,6.5,NULL
166,137,Computer Science,https://cse.secs.oakland.edu/,"160 N. Foundation Hall, Rochester, MI 48309-4401",248-370-2200,gradmail@oakland.edu,https://www.oakland.edu/grad/how-to-apply/Steps-to-Apply/,https://www.oakland.edu/grad/how-to-apply/Steps-to-Apply/,35164,45,30,64,3,Optional,80,6.5,NULL
167,138,Computer Science,https://umdearborn.edu/cecs,"4901 Evergreen Rd, Dearborn, MI 48128",313-593-0897,umd-engingrad@umich.edu,https://umdearborn.edu/office-international-affairs/incoming-international-students-prepare-arrive,https://umdearborn.edu/office-international-affairs/incoming-international-students-prepare-arrive,55052,250,30,64,3,Optional,80,6.5,NULL
168,139,Computer Science,https://wmich.edu/cs,"1903 West Michigan Avenue, Kalamazoo, MI 49008",269-276-3101,cs-admissions-enquiry@wmich.edu,https://wmich.edu/grad/program-masters-computer-science/,https://wmich.edu/grad/program-masters-computer-science/,27531,100,30,64,3,Optional,80,6.5,NULL
169,140,Computer Science,https://www.cs.utexas.edu/,"2317 Speedway, GDC 2.302 Austin, Texas 78712",(512) 471-7316,csadmis@cs.utexas.edu,https://www.cs.utexas.edu/graduate-program/prospective-students,https://www.cs.utexas.edu/faq/70853,18162,90,30,30,3,Optional,79,6.5,NULL
170,141,Computer Science,https://cs.rice.edu/,"6100 Main Street, Duncan Hall 3122 Houston, TX 77005-1892",713 348-4834,comp@rice.edu,https://cs.rice.edu/academics/graduate-programs/admission/graduate-program-application,https://csweb.rice.edu/academics/graduate-programs/admission/graduate-program-application,57210,85,30,90,3,Optional,90,7,NULL
171,141,Computer Engineering,https://www.ece.rice.edu/,"6100 Main Street, Duncan Hall 2053 Houston, TX 77005",713.348.4020,ece@rice.edu,https://www.ece.rice.edu/academics/graduate-programs/graduate-admissions,https://www.ece.rice.edu/academics/graduate-programs/graduate-admissions,57210,85,30,90,3,Optional,90,7,NULL
172,142,Computer Science,https://engineering.tamu.edu/cse/index.html,"102 Peterson Building, 435 Nagle St, College Station, TX 77843",979-458-3870,cse-general@cse.tamu.edu,https://engineering.tamu.edu/admissions-and-aid/graduate-admissions/index.html,https://engineering.tamu.edu/cse/admissions-and-aid/graduate-admissions/index.html,32022,148,30,64 / 96,3,Optional,80,6,NULL
173,142,Computer Engineering,https://engineering.tamu.edu/ce/index.html,"102 Peterson Building, 435 Nagle St, College Station, TX 77843",979-458-3870,computer-engineering@tamu.edu.,https://engineering.tamu.edu/admissions-and-aid/graduate-admissions/index.html,https://engineering.tamu.edu/cse/admissions-and-aid/graduate-admissions/index.html,32022,148,30,64 / 96,3,Optional,80,6,NULL
174,143,Computer Science,https://cs.utdallas.edu/,"800 W. Campbell Road, Richardson, TX 75080",972-883-2185,gradecs@utdallas.edu,https://graduate-admissions.utdallas.edu/apply-to-ut-dallas/apply/,https://graduate-admissions.utdallas.edu/apply-to-ut-dallas/deadlines-and-fees/,38712,100,33,75,3,Required,80,6.5,67
175,143,Computer Engineering,https://ece.utdallas.edu/,"800 W. Campbell Rd., Richardson, TX 75080",972-883-6755,kamran@utdallas.edu,https://ece.utdallas.edu/admissions/graduate-programs/computer-engineering/,https://graduate-admissions.utdallas.edu/apply-to-ut-dallas/deadlines-and-fees/,38712,100,30,75,3,Required,80,6.5,67
176,144,Computer Engineering,https://www.uta.edu/academics/schools-colleges/engineering/academics/departments/cse,"500 UTA Blvd, Arlington, TX 76010",817-272-3785,CSEGradAdvising@uta.edu,https://catalog.uta.edu/engineering/computer/graduate/#degreestext,https://www.uta.edu/admissions/apply/international-graduate,33334,90,30,30,3,Required,83,6.5,NULL
177,144,Computer Science,https://www.uta.edu/academics/schools-colleges/engineering/academics/departments/cse,"500 UTA Blvd, Arlington, TX 76010",817-272-3785,CSEGradAdvising@uta.edu,https://catalog.uta.edu/engineering/computer/graduate/#degreestext,https://www.uta.edu/admissions/apply/international-graduate,33334,90,30,30,3,Required,83,6.5,NULL
178,145,Computer Engineering,https://www.ece.uh.edu/,"4226 Martin Luther King Boulevard, Houston, TX 77204-4005",713-743-4400,ece@egr.uh.edu,https://www.ece.uh.edu/graduate/admission-procedures,https://www.ece.uh.edu/graduate/admission-procedures,27870,80,30,54/72,3,Required,92,7,NULL
179,145,Computer Science,https://www.uh.edu/nsm/computer-science/,"3551 Cullen Blvd, Houston, Texas 77204-3010",713-743-3350,gradschool@uh.edu,https://www.uh.edu/nsm/computer-science/graduate/admissions/,https://www.uh.edu/nsm/computer-science/graduate/admissions/,27870,80,30,66,3,Required,79,6.5,NULL
180,146,Computer Science,https://sciences.utsa.edu/computer-science/,"1 UTSA Circle, BSE 2.110, San Antonio, TX 78249",(210) 458-4445,sciences@utsa.edu,https://future.utsa.edu/programs/master/computer-science/,https://future.utsa.edu/programs/master/computer-science/,28282,70,30,30,3,Not Required,79,6.5,NULL
181,147,Computer Science,https://www.smu.edu/Lyle/Departments/CS,"3101 Dyer Street, Dallas, TX 75205",214-768-3050,Lylegrad@smu.edu,https://www.smu.edu/Lyle/Apply-Now,https://www.smu.edu/Lyle/Apply-Now,39624,75,24/30,48/78,3,Not Required,80,6.5,NULL
182,148,Computer Science,https://www.depts.ttu.edu/cs/,"902 Boston Ave, Lubbock, TX 79409",806.742.3527,webmaster.coe@ttu.edu,https://www.depts.ttu.edu/gradschool/admissions/InternationalProspectiveStudents.php,https://www.depts.ttu.edu/gradschool/admissions/InternationalProspectiveStudents.php,19983,75,31/37,60,3,Required,100,7,60
183,149,Computer Science,https://www.utep.edu/cs/,"1801 Hawthorne St, El Paso, Texas 79902",(915) 747- 5480,csfrontdesk@utep.edu,https://www.utep.edu/cs/graduate/graduation_requirements.html,https://www.utep.edu/graduate/future-students/degrees-and-programs.html,17530,80,33/36,57/72,NULL,Required,100,6.5,53
184,150,Computer Science,https://computerscience.engineering.unt.edu/,"3940 N. Elm Street Ste. F201, Denton, TX 76207-7102",940-565-2767,cse@unt.edu,https://computerscience.engineering.unt.edu/graduate,https://computerscience.engineering.unt.edu/graduate,24302,85,30/33,72,3,Required,79,6,53
185,151,Computer Science,https://www.ou.edu/coe/cs,"110 W. Boyd St., Norman, OK 73019",(405) 325-4042,bbarsetti@ou.edu,https://www.ou.edu/gradcollege/apply/before-you-apply,https://www.ou.edu/gradcollege/apply/before-you-apply,29790,100,30/33,90,3,Not Required,79,6.5,90
186,152,Computer Science,https://cas.okstate.edu/department_of_computer_science/,"213 Life Sciences East, Oklahoma State University Stillwater, OK 74078",405-744-5668,artsandsciences@okstate.edu,https://gradcollege.okstate.edu/application-process/,https://go.okstate.edu/graduate-academics/programs/masters/computer-science-ms.html,17890,75,30/33,60/90,3,Required,79,6.5,53
187,153,Computer Science,https://engineering.utulsa.edu/,"800 South Tucker Drive, Tulsa, OK 74104",918-631-2336,grad@utulsa.edu,https://engineering.utulsa.edu/computer-science/graduate-programs/?,https://engineering.utulsa.edu/computer-science/graduate-programs/?,25758,60,30,72,3,Required,80,6,NULL
188,154,Computer Science,https://lsu.edu/eng/cse/academics/graduate/mscomputerscience.php,"3325 Patrick F. Taylor Hall, Louisiana State University, Baton Rouge, LA 70803",(225) 578-1495 ,graddeanoffice@lsu.edu,https://www.lsu.edu/graduateschool/admissions/requirements-deadlines.php,https://www.lsu.edu/graduateschool/admissions/requirements-deadlines.php,29448,70,37,55,3,Optional,79,6.5,59
189,155,Computer Science,https://computing.louisiana.edu/,"301 E. Lewis Street, Lafayette, LA 70503",(337) 482-6768,cmix@louisiana.edu,https://computing.louisiana.edu/computer-sciences/computer-science/masters/requirements,https://computing.louisiana.edu/computer-sciences/computer-science/masters/requirements,25548,30,30/33,72,3,Required,79,6.5,53
190,156,Computer Science,https://coes.latech.edu/graduate-programs/computer-science-ms/,"104 E. University Circle Lafayette, LA 70503",318-257-2924,pradeep@latech.edu,https://www.latech.edu/study-with-us/graduate/admission-apply/requirements/#content,https://www.latech.edu/study-with-us/graduate/admission-apply/,12150,40,30/36,NULL,3,Required,80,6.5,58
191,157,Computer Science,https://www.uno.edu/academics/cos/computer-science,"2000 Lakeshore Drive, New Orleans, LA 70148",504-280-6594,gradcoor@cs.uno.edu,https://www.uno.edu/academics/cos/computer-science/admissions-requirements,https://www.uno.edu/academics/cos/computer-science/admissions-requirements,13678,NULL,30/36,81,2.5,Not Required,79,6.5,58
192,158,Computer Science,https://computer-science-and-computer-engineering.uark.edu/index.php,"1 University of Arkansas, Fayetteville, AR 72701",479-575-2000,bpanda@uark.edu,https://computer-science-and-computer-engineering.uark.edu/academics/graduate/index.php,https://computer-science-and-computer-engineering.uark.edu/academics/graduate/index.php,30076,60,30/33,72,3,Not Required,79,6.5,NULL
193,159,Computer Science,https://ualr.edu/computerscience,"2801 South University Avenue, Little Rock, AR 72204",501-916-3130,csdept@ualr.edu,https://ualr.edu/computerscience/graduate-programs/,https://ualr.edu/computerscience/graduate-programs/,18420,40,30/33,75,3,Required,80,6.5,NULL
194,160,Computer Science,https://www.cse.msstate.edu/,"665 George Perry St, Mississippi State, MS 39762",(662) 325-2756,office@cse.msstate.edu,https://www.cse.msstate.edu/grad/admission/,https://www.cse.msstate.edu/grad/admission/,26580,80,31,63,3,Not Required,79,6.5,NULL
195,161,Computer Science,https://cs.olemiss.edu/,"201 Weir Hall, University, MS  38677",(662) 915-7396,dept@cs.olemiss.edu,https://cs.olemiss.edu/master-of-science/,https://cs.olemiss.edu/master-of-science/,26820,50,30,48,3,Required,80,NULL,NULL
196,162,Computer Science,https://www.usm.edu/computing-sciences-computer-engineering/index.php,"214 Bobby Chain Technology Center (TEC), Hattiesburg, MS 39406",601.266.4949,computing@usm.edu,https://catalog.usm.edu/preview_program.php?catoid=33&poid=16669,https://catalog.usm.edu/content.php?catoid=27&navoid=1651,11618,60,33,54/84,2.75,optional,71,6,54
197,163,Computer Science,https://www.eng.auburn.edu/comp/,"345 W Magnolia Ave, Auburn University, AL 36849",334.844.4000,csse@eng.auburn.edu,https://graduate.auburn.edu/prospective-students/application-instructions/,https://eng.auburn.edu/files/acad_depts/csse/faqs-graduate-admissions.pdf,32942,70,30/33,66,3,Required,79,6.5,NULL
198,164,Computer Science,https://cs.ua.edu/,"3043 H.M. Comer Tuscaloosa, AL 35487",348-6363,NULL,https://graduate.ua.edu/prospective-students/apply-now/supporting-documents/,https://cs.ua.edu/graduate/,32400,80,30,54,3,Required,79,6.5,59
199,165,Computer Science,https://www.uab.edu/cas/computerscience/,"1402 10th Ave. S., Birmingham, AL 35294-1241",(205) 934-2213,CSinfo@uab.edu,https://www.uab.edu/cas/computerscience/graduate-programs/masters-programs/mscs/mscs-admissions,https://www.uab.edu/cas/computerscience/graduate-programs/masters-programs/mscs/mscs-admissions,22644,60,30,27/48,3,Not Required,80,6.5,NULL
200,166,Computer Science,https://www.uah.edu/science/departments/computer-science,"301 Sparkman Drive, Huntsville, AL 35899",256.824.6088,info@cs.uah.edu,https://www.uah.edu/science/departments/computer-science/cs-graduate-programs/admission-requirements,https://www.uah.edu/admissions/graduate/apply-for-admission,26170,60,33,72,3,Required,NULL,6,53
201,167,Computer Science,https://www.southalabama.edu/colleges/soc/computerscience/,"150 Student Services Drive, Suite 2101, Mobile, Alabama 36688-0002",(251) 460-6390,csgraduate@southalabama.edu,https://www.southalabama.edu/colleges/soc/graduate-programs/admissions.html,https://www.southalabama.edu/colleges/soc/graduate-programs/admissions.html,18684,60,36,72,3,Required,71,6,NULL
202,168,Computer Science,https://www.cc.gatech.edu/,"266 Ferst Dr, Atlanta, GA 30332",404-894-3152,graduate@cc.gatech.edu,https://www.cc.gatech.edu/ms-computer-science-admission-requirements,https://www.cc.gatech.edu/ms-computer-science-admission-requirements,27321,95,30,30,3,Required,100,7.5,NULL
203,169,Computer Science,https://www.cs.emory.edu/home/,"400 Dowman Drive, Atlanta, Georgia 30322",(404) 727-7580,MATHCS-INFO@listserv.cc.emory.edu,https://cs.emory.edu/graduate/general-information/app-info/,https://www.gs.emory.edu/admissions/program-admissions-requirements.html,46800,75,30,54,NULL,Required,85,7,NULL
204,170,Computer Science,https://www.cs.uga.edu/,"415 Boyd Research and Education Center, Athens, GA 30602-7404",(706) 542-2911 ,cs-grad-coordinator@uga.edu,https://www.cs.uga.edu/ms-computer-science-thesis-option,https://grad.uga.edu/admissions/application-deadlines/,24630,100,30,NULL,3,Required,80,6.5,NULL
205,171,Computer Science,https://csds.gsu.edu/,"25 Park Place, Suite 700, Atlanta, GA 30303",404-413-5700,cscgrad@gsu.edu,https://cas.gsu.edu/program/computer-science-ms/,https://cas.gsu.edu/program/computer-science-ms/,30216,50,31,48,3,Required,69,6,53
206,172,Computer Science,https://www.cise.ufl.edu/,"P.O. Box 116120,, Gainesville, FL 32611",352-392-1090,klsapp@ufl.edu,https://www.cise.ufl.edu/admissions/graduate/,https://www.cise.ufl.edu/admissions/graduate/,30134,30,30,60/90,3.3,Required,90,7.5,NULL
207,173,Computer Science,https://www.ucf.edu/college/engineering-computer-science/,"University of Florida, Gainesville, FL 32611",407-823-2766,NULL,https://www.ucf.edu/degree/computer-science-ms/,https://www.ucf.edu/degree/computer-science-ms/,21493,31,30,72,3,Required,80,6.5,NULL
208,174,Computer Science,https://www.cs.fsu.edu/,"253 Love Building, Florida State University, Tallahassee, FL 32306-4530",(850) 644-4029,admissions@cs.fsu.edu,https://www.cs.fsu.edu/admissions/graduate-admissions/fsu-computer-science-department-graduate-study-application-information/,https://www.cs.fsu.edu/admissions/graduate-admissions/fsu-computer-science-department-graduate-study-application-information/,20043,30,30,51,3,Required,80,6.5,55
209,175,Computer Science,https://www.usf.edu/engineering/cse/,"4202 E. Fowler Avenue ENG 030, Tampa, FL, 33620",813-974-3652,cse-grad-program@usf.edu,https://www.usf.edu/engineering/cse/graduate/prospective-students.aspx,https://www.usf.edu/engineering/cse/graduate/prospective-students.aspx,15863,30,30,42/72,3,Required,79,6.5,53
210,176,Computer Science,https://www.cis.fiu.edu/,"11200 SW 8th Street, CASE 354, Miami, FL 33199",305-348-2744,gradadm@fiu.edu,https://www.cis.fiu.edu/academics/degrees/graduate/master-of-science-in-computer-science/,https://www.cis.fiu.edu/academics/degrees/graduate/master-of-science-in-computer-science/,18419,30,30,75,3,Not Required,80,6.5,NULL
211,177,Computer Science,https://csc.as.miami.edu/,"P.O. Box 248154, Coral Gables, FL 33124",305-284-2268,csgrad@cs.miami.edu,https://csc.as.miami.edu/programs/graduate-admission/index.html,https://csc.as.miami.edu/programs/graduate-admission/index.html,44858,85,30,60,3,Required,92,6.5,NULL
212,178,Computer Science,https://www.fau.edu/engineering/eecs/,"777 Glades Road EE 403, Boca Raton, FL 33431-0991",561.297.3855,eecs@fau.edu,https://www.fau.edu/graduate/apply/,https://www.fau.edu/graduate/programs/,14400,30,30,42/72,3,Not Required,79,6,NULL
213,179,Computer Science,https://www.fit.edu/electrical-engineering-and-computer-science/computer-science/,"3134 Engineering St, Melbourne, FL 32901",321-674-8763,kbrown@fit.edu,https://www.fit.edu/admission/applying/graduate/,https://www.fit.edu/admission/applying/graduate/,22860,60,30,42/72,3,Required,79,6,58
214,180,Computer Science,https://computing.nova.edu/,"3300 S. University Drive, Fort Lauderdale, FL, 33328-2004",833-398-1166,computing@nova.edu,https://computing.nova.edu/admissions/index.html,https://computing.nova.edu/admissions/index.html,17442,50,30,51/66,2.5,Not Required,80,6,54
215,181,Computer Science,https://engineering.vanderbilt.edu/cs/,"1400 18th Avenue South, Suite A4004, Nashville, TN 37212",615-322-1702,CS.MS.Admin@Vanderbilt.edu ,https://engineering.vanderbilt.edu/cs/Graduate/grad_admissions.php,https://engineering.vanderbilt.edu/cs/Graduate/grad_admissions.php,41058,95,30,72,3.5,Not Required,88,6.5,NULL
216,182,Computer Science,https://www.eecs.utk.edu/,"1520 Middle Drive, Knoxville, TN 37996-2250",865-974-3461,eecs-gradinfo@utk.edu,https://gradschool.utk.edu/future-students/office-of-graduate-admissions/applying-to-graduate-school/admission-requirements/,https://gradschool.utk.edu/future-students/office-of-graduate-admissions/applying-to-graduate-school/application-deadlines/,31798,50,30,48/72,3,Required,80,6.5,NULL
217,183,Computer Science,https://www.memphis.edu/cs/,"Dunn Hall 375, University of Memphis, Memphis, TN 38152-3240",901.678.5465,cs-info@memphis.edu,https://www.memphis.edu/cs/future_students/graduate.php,https://www.memphis.edu/cs/future_students/graduate.php,19242,60,33,72,2.5,Required,87,6.5,59
218,184,Computer Science,https://www.tnstate.edu/computer_science/index.aspx,"3500 John Merritt Blvd, McCord Hall, Nashville, TN 37209",(615) 963 5800,eerdemir@tnstate.edu,https://www.tnstate.edu/admissions/transfer.aspx,https://www.tnstate.edu/graduate/applicationdeadlines.aspx,19928,35,33,72,2.75,Not Required,71,6,NULL
219,185,Computer Science,https://www.tntech.edu/engineering/programs/csc/index.php,"110 University Drive, Cookeville, TN 38505",(931) 372-3691,csc@tntech.edu,https://www.tntech.edu/graduatestudies/how-apply.php,https://www.tntech.edu/graduatestudies/how-apply.php,24444,40,31/34,72,3,Required,79,6.5,NULL
220,186,Computer Science,https://www.engr.uky.edu/research-faculty/departments/computer-science,"Davis Marksbury Building 329 Rose Street, Lexington, KY 40506-0633",(859) 257-3961,GSAdmissions@uky.edu,https://www.engr.uky.edu/students/graduate/graduate-admissions,https://gradschool.uky.edu/key-dates,17730,75,30,NULL,3,Not Required,79,6.5,NULL
221,187,Computer Science,https://engineering.louisville.edu/academics/departments/computer/,"University of Louisville, Louisville, KY 40292",502-852-6304,speed@louisville.edu,https://catalog.louisville.edu/graduate/application-admission/,https://louisville.edu/graduate/futurestudents/application-directions,28908,65,30,59,3,Not Required,80,6.5,NULL
222,188,Computer Science,https://lcsee.statler.wvu.edu/,"1220 Evansdale Drive, Morgantown, West Virginia 26506-6109",304-293-5263,internationaladmissions@mail.wvu.edu,http://catalog.wvu.edu/graduate/collegeofengineeringandmineralresources/thelanedepartmentofcomputerscienceandelectricalengineering/cs/#admissionstext,https://graduateadmissions.wvu.edu/academics/graduate-programs/computer-science-m,28260,60,32,54,3,Required,79,6.5,53
223,189,Computer Science,https://engineering.virginia.edu/departments/computer-science,"Thornton Hall, 351 McCormick Road, Charlottesville, VA 22904",434-924-3072,CS-OFFICE@VIRGINIA.EDU,https://engineering.virginia.edu/departments/computer-science/cs-graduate-program#accordion403360,https://engineering.virginia.edu/future-grads/graduate-admissions,38764,85,31,30/54,3.3,Optional,100,7,NULL
224,190,Computer Science,https://cs.vt.edu/,"620 Drillfield Drive, Blacksburg, VA 24061",(540) 231-0746,gradinfo@cs.vt.edu,https://website.cs.vt.edu/Graduate/Prospective.html,https://cs.vt.edu/Graduate/ApplicationDeadlines.html,30701,75,30,90,3,Not Required,90,6.5,NULL
225,191,Computer Science,https://cs.gmu.edu/,"4400 University Dr., MSN 4C8, Fairfax, VA 22030",703-993-1530,csgrad@gmu.edu,https://catalog.gmu.edu/colleges-schools/engineering-computing/school-computing/computer-science/computer-science-ms/#admissionspoliciestext,https://catalog.gmu.edu/admissions/international-students/,39397,75,NULL,NULL,3,Not Required,80,6.5,NULL
226,192,Computer Science,https://www.wm.edu/as/computerscience/,"200 Stadium Dr, Williamsburg, VA 23185",757-221-3455,gradinfo@cs.wm.edu,https://www.wm.edu/as/graduate/admission/computer-science/,https://www.wm.edu/as/graduate/admission/computer-science/,29352,50,24,NULL,NULL,Not Required,NULL,NULL,NULL
227,193,Computer Science,https://www.odu.edu/computer-science,"5115 Hampton Blvd, Norfolk, VA 23529",757-683-3701,intladm@odu.edu,https://catalog.odu.edu/graduate/sciences/computer-science/computer-science-ms/#admissiontext,https://www.odu.edu/admission/international,26374,50,31,NULL,NULL,Required,79,6.5,53
228,194,Computer Science,https://egr.vcu.edu/departments/computer/,"907 Floyd Ave, Richmond, VA 23284",804-828-6916,csgrad@vcu.edu,https://bulletin.vcu.edu/graduate/school-engineering/computer-science/computer-science-ms/#admissionrequirementstext,https://bulletin.vcu.edu/graduate/school-engineering/computer-science/computer-science-ms/#admissionrequirementstext,27953,70,30,NULL,3,Required,80,6.5,65
229,195,Computer Science,https://www.cs.umd.edu/,"7809 Regents Drive, College Park, MD 2074",301-405-2664,gradschool@umd.edu,https://www.cs.umd.edu/grad/catalog#applying,https://www.cs.umd.edu/grad/catalog#applying,38448,75,30,NULL,3.5,Not Required,NULL,NULL,NULL
230,196,Computer Science,https://www.cs.jhu.edu/,"3400 N. Charles Street, Baltimore, MD 21218",410-516-8775,admissions@cs.jhu.edu,https://engineering.jhu.edu/admissions/graduate-admissions/full-time-programs/how-to-apply/,https://engineering.jhu.edu/admissions/graduate-admissions/full-time-programs/how-to-apply/application-deadlines/,69124,75,NULL,NULL,NULL,Required,100,7,NULL
231,197,Computer Science,https://www.csee.umbc.edu/,"1000 Hilltop Cir, Baltimore, MD 21250",410-455-3500,fliggins@umbc.edu,https://www.csee.umbc.edu/graduate/computer-science-m-s-ph-d/,https://www.csee.umbc.edu/graduate/computer-science-m-s-ph-d/,25146,50,24,33,NULL,Required,80,6.5,53
232,198,Computer Science,https://www.towson.edu/fcsm/departments/computerinfosci/,"8000 York Rd, Towson, MD 21252",410-704-2113,grad@towson.edu,https://www.towson.edu/fcsm/departments/computerinfosci/grad/computersci/admission.html,https://www.towson.edu/fcsm/departments/computerinfosci/grad/computersci/admission.html,21800,50,33,75,3,Not Required,70,6,49
233,199,Computer Science,https://bowiestate.edu/academics/colleges/college-of-arts-and-sciences/departments/computer-science/,"14000 Jericho Park Rd, Bowie, MD 20715",301-860-4502,ssharma@bowiestate.edu,https://bowiestate.edu/academics/colleges/college-of-arts-and-sciences/departments/computer-science/graduate-programs/masters-degree/admissions-requirements.php,https://bowiestate.edu/admissions-and-aid/international-admissions.php,15674,40,36,60,2.5,Not Required,73,5,NULL
234,200,Computer Science,https://cs.duke.edu/,"2127 Campus Dr, Durham, NC 27705",919-660-6500,dgs@cs.duke.edu,https://gradschool.duke.edu/admissions/application-instructions/,https://gradschool.duke.edu/admissions/application-deadlines/,67715,95,30,NULL,NULL,Not Required,90,7,NULL
235,201,Computer Science,https://cs.unc.edu/,"The University of North Carolina at Chapel Hill, Chapel Hill, NC 27599",919-962-7772,gradadmissions@unc.edu,https://gradschool.unc.edu/admissions/instructions.html,https://gradschool.unc.edu/admissions/instructions.html,30826,95,30,NULL,3,Required,90,7,NULL
236,202,Computer Science,https://www.csc.ncsu.edu/,"1020 Main Campus Dr, Raleigh, NC 27606",919-515-8662,csc_gradadmissions@ncsu.edu,https://www.csc.ncsu.edu/academics/graduate/procedure.php,https://www.csc.ncsu.edu/academics/graduate/admdeadlines.php,39114,85,31,72,NULL,Required,80,6.5,NULL
237,203,Computer Science,https://cci.charlotte.edu/departments/department-of-computer-science/,"9201 University City Blvd, Charlotte, NC 28223",704-687-7741,cgovan@uncc.edu,https://cci.charlotte.edu/academics/computer-science/masters-program/ms-admissions/,https://cci.charlotte.edu/academics/computer-science/masters-program/ms-admissions/,22438,85,30,72,3,Required,83,6.5,NULL
238,204,Computer Science,https://www.ncat.edu/coe/departments/cs/index.php,"1601 E Market St, Greensboro, NC 27411",336-285-3699,cshmyu@ncat.edu,https://www.ncat.edu/admissions/graduate/index.php,https://www.ncat.edu/admissions/graduate/admission-requirements.php,23687,60,33,72,3,Required,80,6,53
239,205,Computer Science,https://compsci.uncg.edu/,"1400 Spring Garden St, Greensboro, NC 27412",336-334-5596,gradinquiry@uncg.edu,https://admissions.uncg.edu/admissions/graduate-admissions/graduate-requirements/,https://admissions.uncg.edu/admissions/graduate-admissions/graduate-deadlines/,21887,65,30,72,2.5,Required,79,6.5,53
240,206,Computer Science,https://www.clemson.edu/cecas/departments/computing/,"105 Sikes Hall, Clemson, SC 29634",864-656-3195,mscs@clemson.edu,https://www.clemson.edu/graduate/admissions/apply/index.html,https://www.clemson.edu/graduate/admissions/preparing-to-apply/international-applicants/index.html,24094,0,30,28,NULL,Required,80,6.5,54
241,207,Computer Science,https://sc.edu/study/colleges_schools/engineering_and_computing/departments/computer_science_and_engineering/index.php,"1244 Blossom Street, Suite 106, Columbia, SC 29208",803-777-4243,gradapp@mailbox.sc.edu,https://sc.edu/study/colleges_schools/graduate_school/apply/degree_programs-application-requirements/index.php,https://sc.edu/study/colleges_schools/graduate_school/apply/degree_programs-application-requirements/index.php,29760,50,NULL,NULL,3,Required,80,6.5,53
242,208,Computer Science,https://www.cis.udel.edu/,"210 South College Ave. Newark, DE 19716",302-831-2129,gradadmissions@udel.edu,https://www.cis.udel.edu/academics/graduate-programs/graduate-admissions/,https://www.cis.udel.edu/academics/graduate-programs/graduate-admissions/,36954,75,30,NULL,3,Required,79,6.5,NULL
243,209,Computer Science,https://www.cs.washington.edu/,"1410 NE Campus Pkwy, Seattle, WA 98195",206-543-5848,grad-advising@cs.washington.edu,https://www.cs.washington.edu/academics/pmp/admissions/materials,https://www.cs.washington.edu/academics/pmp/admissions/materials,18100,85,40,90,3,Not Required,92,7,NULL
244,210,Computer Science,https://school.eecs.wsu.edu/,"324 French Administration Building, Pullman, WA 99164",509-335-6602,eecs.grad.info@wsu.edu,https://gradschool.wsu.edu/degrees/master-of-science-in-computer-science/,https://gradschool.wsu.edu/degrees/master-of-science-in-computer-science/,30524,90,30,72,NULL,Required,93,NULL,NULL